{"cameraMode":{"drawMode":0,"name":"Shaded","section":"Shading Mode"},"sceneLighting":true,"audioPlay":false,"sceneViewState":{"showFog":true,"showMaterialUpdate":false,"showSkybox":true,"showFlares":true,"showImageEffects":true,"showParticleSystems":true},"in2DMode":false,"pivot":{"x":18.81292152404785,"y":-0.17584958672523499,"z":501.4490966796875},"rotation":{"x":-0.08415357023477555,"y":0.03645893186330795,"z":-0.003081156639382243,"w":-0.9957810044288635},"size":8.074345588684082,"orthographic":false}